CREATE DATABASE  IF NOT EXISTS `LoveFood` /*!40100 DEFAULT CHARACTER SET utf8mb4 COLLATE utf8mb4_0900_ai_ci */ /*!80016 DEFAULT ENCRYPTION='N' */;
USE `LoveFood`;
-- MySQL dump 10.13  Distrib 8.0.21, for Win64 (x86_64)
--
-- Host: localhost    Database: LoveFood
-- ------------------------------------------------------
-- Server version	8.0.21

/*!40101 SET @OLD_CHARACTER_SET_CLIENT=@@CHARACTER_SET_CLIENT */;
/*!40101 SET @OLD_CHARACTER_SET_RESULTS=@@CHARACTER_SET_RESULTS */;
/*!40101 SET @OLD_COLLATION_CONNECTION=@@COLLATION_CONNECTION */;
/*!50503 SET NAMES utf8 */;
/*!40103 SET @OLD_TIME_ZONE=@@TIME_ZONE */;
/*!40103 SET TIME_ZONE='+00:00' */;
/*!40014 SET @OLD_UNIQUE_CHECKS=@@UNIQUE_CHECKS, UNIQUE_CHECKS=0 */;
/*!40014 SET @OLD_FOREIGN_KEY_CHECKS=@@FOREIGN_KEY_CHECKS, FOREIGN_KEY_CHECKS=0 */;
/*!40101 SET @OLD_SQL_MODE=@@SQL_MODE, SQL_MODE='NO_AUTO_VALUE_ON_ZERO' */;
/*!40111 SET @OLD_SQL_NOTES=@@SQL_NOTES, SQL_NOTES=0 */;

--
-- Table structure for table `DONATION`
--

DROP TABLE IF EXISTS `DONATION`;
/*!40101 SET @saved_cs_client     = @@character_set_client */;
/*!50503 SET character_set_client = utf8mb4 */;
CREATE TABLE `DONATION` (
  `DONATION_ID` varchar(45) NOT NULL,
  `DONATION_DATE` datetime NOT NULL,
  `DONATION_PLAN` int NOT NULL,
  `DONATION_METHOD` int NOT NULL,
  `DONATION_AMOUNT` varchar(45) NOT NULL,
  `DONATION_NAME` varchar(45) DEFAULT NULL,
  `DONATION_NATIONALITY` int DEFAULT NULL,
  `DONATION_PERSONAL_ID_OR_TAX_ID` varchar(20) DEFAULT NULL,
  `DONATION_BIRTHDAY` date DEFAULT NULL,
  `DONATION_ADDRESS` varchar(200) DEFAULT NULL,
  `DONATION_EMAIL` varchar(45) NOT NULL,
  `DONATION_GENDER` int DEFAULT NULL,
  `DONATION_REMARKS` varchar(300) DEFAULT NULL,
  `DONATION_RECEIPT_TITLE` varchar(45) DEFAULT NULL,
  `DONATION_PERSONAL_ID_OR_TAX_ID_OF_RECEIPT` varchar(20) DEFAULT NULL,
  `DONATION_DELIVERY_METHOD` int NOT NULL,
  PRIMARY KEY (`DONATION_ID`)
) ENGINE=InnoDB DEFAULT CHARSET=utf8;
/*!40101 SET character_set_client = @saved_cs_client */;

--
-- Dumping data for table `DONATION`
--

LOCK TABLES `DONATION` WRITE;
/*!40000 ALTER TABLE `DONATION` DISABLE KEYS */;
INSERT INTO `DONATION` VALUES ('DN0000001','2016-08-29 18:30:00',1,1,'5000','島村千鶴',2,'43948384',NULL,'臺北市大安區杭州南路2段75號1樓','Shimamura@yahoo.com.jp',2,NULL,'樂心地有限公司','43948384',2),('DN0000002','2017-02-01 09:00:00',2,1,'1000','壞狗',1,'B112661917','1987-09-02','新竹','Dennis@gmail.com',1,NULL,'壞狗','B112661917',1),('DN0000003','2018-03-22 00:00:00',1,1,'500','善心人士',1,'U132962322',NULL,'花蓮縣花蓮市民享二街38號','sexfat5566@gmail.com',3,'切版我來！','黃媽媽','U250968495',2),('DN0000004','2018-11-05 11:30:00',2,1,'5000','文文',NULL,NULL,'0000-00-00',NULL,'fufu@gmail.com',0,NULL,NULL,NULL,2),('DN0000005','2018-11-06 12:48:00',1,1,'100','王勝聞',2,'A153903433','2002-01-01','台北市大安區東豐街43號45號1樓','wow1213@gmail.com',1,NULL,'王勝聞','A153903433',2),('DN0000006','2018-11-08 14:05:00',1,1,'350','Silvia',NULL,NULL,NULL,'台灣','iubanny@gmail.com',2,NULL,'黃雨欣','E205847362',2),('DN0000007','2018-11-10 15:15:00',1,1,'3500','徐小婷',1,'E202692585','1996-10-09','基隆市暖暖區暖暖街554號','asdfqwer123@gmail.com',2,NULL,'徐小婷','E202692585',2),('DN0000008','2018-11-11 16:03:00',1,1,'10000','Tibame',NULL,NULL,NULL,'台北市南京東路三段215號5樓','service@tibame.com',3,NULL,'Tibame','21334587',2),('DN0000009','2018-11-12 16:05:00',1,1,'2800','黃曉姬',1,'C181714206','1998-12-23','台北市文山區指南路一段34號36號1樓','chickenhuang@gmail.com',2,'希望大家有飯吃','黃曉姬','C181714206',2),('DN0000010','2018-11-12 19:35:00',1,1,'3200','何嘉里',1,'J293965837','1995-11-17','台中市南屯區永春南路58號','hoqueen520@gmail.com',2,NULL,'家裡物流股份有限公司','J293965837',2),('DN0000011','2018-11-15 22:56:00',2,1,'900','Nick',1,NULL,NULL,NULL,'s0923212345@gmail.com',NULL,NULL,'黃嘉雯','A202692585',2),('DN0000012','2018-11-18 14:18:00',2,1,'200','李維尼',NULL,NULL,'1978-02-05','台北市','pennydog@gmail.com',2,NULL,'李維儀','E202694576',2),('DN0000013','2018-11-20 21:22:00',2,1,'500','張先生',1,'B139105892','1980-05-23','台北市中正區中華路二段407號','bosschang@gmail.com',1,NULL,'張儀','B139105892',2),('DN0000014','2018-11-25 01:19:00',2,1,'500','不具名',NULL,NULL,NULL,NULL,'readywu@gmail.com',NULL,NULL,NULL,NULL,1),('DN0000015','2018-11-28 11:49:00',1,1,'1000','匿名',NULL,NULL,NULL,NULL,'lucyyang1123@gmail.com',NULL,NULL,NULL,NULL,1);
/*!40000 ALTER TABLE `DONATION` ENABLE KEYS */;
UNLOCK TABLES;

--
-- Table structure for table `MEMBER`
--

DROP TABLE IF EXISTS `MEMBER`;
/*!40101 SET @saved_cs_client     = @@character_set_client */;
/*!50503 SET character_set_client = utf8mb4 */;
CREATE TABLE `MEMBER` (
  `MEMBER_ID` varchar(45) NOT NULL,
  `MEMBER_CLASS` int NOT NULL,
  `MEMBER_ACCOUNT` varchar(45) NOT NULL,
  `MEMBER_PASSWORD` varchar(45) NOT NULL,
  `MEMBER_REG_DATE` datetime NOT NULL,
  `MEMBER_NAME` varchar(45) DEFAULT NULL,
  `MEMBER_ADDRESS` varchar(200) DEFAULT NULL,
  `MEMBER_PHONE` varchar(20) DEFAULT NULL,
  `MEMBER_POINTS` int DEFAULT NULL,
  `MEMBER_STATUS` int NOT NULL,
  `MEMBER_AVATAR` longblob,
  PRIMARY KEY (`MEMBER_ID`)
) ENGINE=InnoDB DEFAULT CHARSET=utf8;
/*!40101 SET character_set_client = @saved_cs_client */;

--
-- Dumping data for table `MEMBER`
--

LOCK TABLES `MEMBER` WRITE;
/*!40000 ALTER TABLE `MEMBER` DISABLE KEYS */;
INSERT INTO `MEMBER` VALUES ('MB0000001',0,'Dennis@gmail.com','010101','2017-01-01 00:00:00',NULL,'新竹',NULL,NULL,1,_binary 'E:\\MEMBER_AVATAR\\老碩.JPG'),('MB0000002',0,'sexfat5566@gmail.com','lovesex7788','2018-09-13 00:00:00','黃汗草','台北市中山區南京東路三段131號','0978778887',NULL,2,_binary 'E:\\MEMBER_AVATAR\\sexfat.JPG'),('MB0000003',0,'jeff0909@yahoo.com.tw','I_love_mountain','2018-10-10 00:00:00','林于傑','新北市林口區林口路120號','0933256654',NULL,1,_binary 'E:\\MEMBER_AVATAR\\003.jpg'),('MB0000004',1,'Nobita@yahoo.com.jp','DORAEMON','2019-04-22 00:00:00','野比大雄',NULL,'0926011238',2000,3,_binary 'E:\\MEMBER_AVATAR\\f4897a4tydsf.JPG'),('MB0000005',0,'cArLoS@outlook.com','oBserVed','2020-01-31 00:00:00','章胡拚','104台北市中山區南京東路三段219號3樓','0975199365',NULL,4,_binary 'E:\\MEMBER_AVATAR\\PING.PNG'),('MB0000006',0,'Lily2020@gmail.com','UMLROCK','2020-03-18 00:00:00','阿莉',NULL,NULL,NULL,0,_binary 'E:\\MEMBER_AVATAR\\Lily.JPG'),('MB0000007',1,'fool318@gmail.com','hanhan','2020-07-20 00:00:00','阿強','新北市','0928588988',1000,3,_binary 'E:\\MEMBER_AVATAR\\c.JPG'),('MB0000008',0,'iubanny@gmail.com','banny','2020-07-21 00:00:00','Silvia','台灣','0921234321',NULL,1,NULL),('MB0000009',0,'asdfqwer123@gmail.com','asdfqwer123','2020-07-22 00:00:00','徐小婷','基隆市暖暖區暖暖街554號','0934543254',NULL,1,NULL),('MB0000010',1,'apple5566@yahoo.com.jp','banana5566','2020-07-22 18:00:00','郭曉萍','臺北市忠孝東路1段108號8樓','0956723541',3000,3,NULL),('MB0000011',0,'s0923212345@gmail.com','nick98989','2020-07-25 18:00:00','Nick',NULL,NULL,NULL,1,NULL),('MB0000012',0,'pennydog@gmail.com','alisa1112','2020-07-26 18:00:00','李維尼','台北市','0935123432',NULL,1,NULL),('MB0000013',0,'chickenhuang@gmail.com','littleg','2020-07-28 18:00:00','黃曉姬','台北市文山區指南路一段34號36號1樓','0989213429',NULL,1,NULL),('MB0000014',0,'hoqueen520@gmail.com','love1110','2020-07-29 08:00:00','何嘉里','台中市南屯區永春南路58號','0989887675',NULL,1,NULL),('MB0000015',0,'bosschang@gmail.com','strangboss','2020-07-30 08:00:00','張先生','台北市中正區中華路二段407號','0965465323',NULL,1,NULL),('MB0000016',1,'moneylu@gmail.com','mixin1858','2020-08-30 08:00:00','盧道維','台北市萬華區長泰街8號','0958982090',1000,3,NULL);
/*!40000 ALTER TABLE `MEMBER` ENABLE KEYS */;
UNLOCK TABLES;

--
-- Table structure for table `MRT_PICKUP_SITE`
--

DROP TABLE IF EXISTS `MRT_PICKUP_SITE`;
/*!40101 SET @saved_cs_client     = @@character_set_client */;
/*!50503 SET character_set_client = utf8mb4 */;
CREATE TABLE `MRT_PICKUP_SITE` (
  `MRT_PICKUP_SITE_ID` varchar(45) NOT NULL,
  `MRT_PICKUP_SITE_NAME` varchar(45) NOT NULL,
  `MRT_PICKUP_SITE_ADDRESS` varchar(200) NOT NULL,
  PRIMARY KEY (`MRT_PICKUP_SITE_ID`)
) ENGINE=InnoDB DEFAULT CHARSET=utf8;
/*!40101 SET character_set_client = @saved_cs_client */;

--
-- Dumping data for table `MRT_PICKUP_SITE`
--

LOCK TABLES `MRT_PICKUP_SITE` WRITE;
/*!40000 ALTER TABLE `MRT_PICKUP_SITE` DISABLE KEYS */;
INSERT INTO `MRT_PICKUP_SITE` VALUES ('MPS00001','捷運市政府站','110台北市信義區忠孝東路五段2號'),('MPS00002','捷運南京復興站','105台北市松山鎮南京東路三段253號'),('MPS00003','捷運忠孝復興站','106台北市大安區忠孝東路三段302號'),('MPS00004','捷運大安站','106台北市大安區信義路四段2號'),('MPS00005','捷運中山站','104台北市中山區南京西路16號'),('MPS00006','捷運台北車站','100台北市中正區鄭州路8號'),('MPS00007','捷運西門站','100台北市中正區寶慶路32之1號'),('MPS00008','捷運中正紀念堂站','100台北市中正區羅斯福路一段8之1號'),('MPS00009','捷運大橋頭站','103台北市大同區民權西路223號'),('MPS00010','捷運民權西路站','103台北市大同區民權西路223號'),('MPS00011','捷運石牌站','112台北市北投區石牌路一段200號'),('MPS00012','捷運內湖站','114台北市內湖區成功路4段186號'),('MPS00013','捷運南港站','115台北市南港區忠孝東路7段380號'),('MPS00014','捷運古亭站','100台北市中正區羅斯福路2段164之1號'),('MPS00015','捷運六張犁站','106台北市大安區和平東路3段168號');
/*!40000 ALTER TABLE `MRT_PICKUP_SITE` ENABLE KEYS */;
UNLOCK TABLES;

--
-- Table structure for table `ORDER`
--

DROP TABLE IF EXISTS `ORDER`;
/*!40101 SET @saved_cs_client     = @@character_set_client */;
/*!50503 SET character_set_client = utf8mb4 */;
CREATE TABLE `ORDER` (
  `ORDER_ID` varchar(45) NOT NULL,
  `ORDER_DATE` datetime NOT NULL,
  `MEMBER_ID_for_OD` varchar(45) NOT NULL,
  `ORDER_STATUS` int NOT NULL,
  `ORDER_PICKUP_DATE` datetime NOT NULL,
  `ORDER_DISCOUNT` int DEFAULT NULL,
  `ORDER_PICKUP_METHOD` int DEFAULT NULL,
  `MRT_PICKUP_SITE_ID_for_OD` varchar(45) DEFAULT NULL,
  PRIMARY KEY (`ORDER_ID`),
  KEY `FK_MEMBER_ID_idx` (`MEMBER_ID_for_OD`),
  KEY `FK_MRT_PICKUP_SITE_ID_for_OD_idx` (`MRT_PICKUP_SITE_ID_for_OD`),
  CONSTRAINT `FK_MEMBER_ID_for_OD` FOREIGN KEY (`MEMBER_ID_for_OD`) REFERENCES `MEMBER` (`MEMBER_ID`),
  CONSTRAINT `FK_MRT_PICKUP_SITE_ID_for_OD` FOREIGN KEY (`MRT_PICKUP_SITE_ID_for_OD`) REFERENCES `MRT_PICKUP_SITE` (`MRT_PICKUP_SITE_ID`)
) ENGINE=InnoDB DEFAULT CHARSET=utf8;
/*!40101 SET character_set_client = @saved_cs_client */;

--
-- Dumping data for table `ORDER`
--

LOCK TABLES `ORDER` WRITE;
/*!40000 ALTER TABLE `ORDER` DISABLE KEYS */;
INSERT INTO `ORDER` VALUES ('OD0000001','2020-10-01 10:00:00','MB0000003',2,'2020-10-01 18:00:00',NULL,1,NULL),('OD0000002','2020-10-02 18:00:00','MB0000004',1,'2020-10-03 00:00:00',30,2,'MPS00001'),('OD0000003','2020-10-02 00:00:00','MB0000002',0,'2020-10-02 06:00:00',NULL,1,NULL),('OD0000004','2020-10-02 09:00:00','MB0000007',0,'2020-10-02 15:00:00',150,1,NULL);
/*!40000 ALTER TABLE `ORDER` ENABLE KEYS */;
UNLOCK TABLES;

--
-- Table structure for table `ORDER_DETAIL`
--

DROP TABLE IF EXISTS `ORDER_DETAIL`;
/*!40101 SET @saved_cs_client     = @@character_set_client */;
/*!50503 SET character_set_client = utf8mb4 */;
CREATE TABLE `ORDER_DETAIL` (
  `ORDER_DETAIL_ID` varchar(45) NOT NULL,
  `PRODUCT_ID_for_ODD` varchar(45) NOT NULL,
  `ORDER_DETAIL_QUANTITY` int NOT NULL,
  `ORDER_ID_for_ODD` varchar(45) NOT NULL,
  PRIMARY KEY (`ORDER_DETAIL_ID`),
  KEY `FK_ORDER_ID_idx` (`ORDER_ID_for_ODD`),
  KEY `FK_PRODUCT_ID_idx` (`PRODUCT_ID_for_ODD`),
  CONSTRAINT `FK_ORDER_ID_for_ODD` FOREIGN KEY (`ORDER_ID_for_ODD`) REFERENCES `ORDER` (`ORDER_ID`),
  CONSTRAINT `FK_PRODUCT_ID_for_ODD` FOREIGN KEY (`PRODUCT_ID_for_ODD`) REFERENCES `PRODUCT` (`PRODUCT_ID`)
) ENGINE=InnoDB DEFAULT CHARSET=utf8;
/*!40101 SET character_set_client = @saved_cs_client */;

--
-- Dumping data for table `ORDER_DETAIL`
--

LOCK TABLES `ORDER_DETAIL` WRITE;
/*!40000 ALTER TABLE `ORDER_DETAIL` DISABLE KEYS */;
INSERT INTO `ORDER_DETAIL` VALUES ('ODD0000000001','PD0000002',3,'OD0000002'),('ODD0000000002','PD0000003',4,'OD0000002');
/*!40000 ALTER TABLE `ORDER_DETAIL` ENABLE KEYS */;
UNLOCK TABLES;

--
-- Table structure for table `ORGANIZATION`
--

DROP TABLE IF EXISTS `ORGANIZATION`;
/*!40101 SET @saved_cs_client     = @@character_set_client */;
/*!50503 SET character_set_client = utf8mb4 */;
CREATE TABLE `ORGANIZATION` (
  `ORGANIZATION_ID` varchar(45) NOT NULL,
  `ORGANIZATION_FULL_NAME` varchar(45) NOT NULL,
  `ORGANIZATION_NICK_NAME` varchar(45) NOT NULL,
  PRIMARY KEY (`ORGANIZATION_ID`)
) ENGINE=InnoDB DEFAULT CHARSET=utf8;
/*!40101 SET character_set_client = @saved_cs_client */;

--
-- Dumping data for table `ORGANIZATION`
--

LOCK TABLES `ORGANIZATION` WRITE;
/*!40000 ALTER TABLE `ORGANIZATION` DISABLE KEYS */;
INSERT INTO `ORGANIZATION` VALUES ('OG0000002','全家便利商店股份有限公司','全家'),('OG0000003','來來超商股份有限公司','OK'),('OG0000004','萊爾富國際股份有限公司','萊爾富'),('OG0000005','全聯實業股份有限公司','全聯'),('OG0000006','頂好企業股份有限公司','頂好'),('OG0000007','愛買股份有限公司','愛買'),('OG0000008','台灣家樂福股份有限公司','家樂福'),('OG0000009','三商家購股份有限公司','美廉社'),('OG0000010','中華民國農會','農會');
/*!40000 ALTER TABLE `ORGANIZATION` ENABLE KEYS */;
UNLOCK TABLES;

--
-- Table structure for table `POINTS_ISSUANCE`
--

DROP TABLE IF EXISTS `POINTS_ISSUANCE`;
/*!40101 SET @saved_cs_client     = @@character_set_client */;
/*!50503 SET character_set_client = utf8mb4 */;
CREATE TABLE `POINTS_ISSUANCE` (
  `POINTS_ISSUANCE_ID` varchar(45) NOT NULL,
  `MEMBER_ID_for_PI` varchar(45) NOT NULL,
  `POINTS_ISSUANCE_NUM` int NOT NULL,
  `POINTS_ISSUANCE_DATE` datetime NOT NULL,
  PRIMARY KEY (`POINTS_ISSUANCE_ID`),
  KEY `FK_MEMBER_ID_idx` (`MEMBER_ID_for_PI`),
  CONSTRAINT `FK_MEMBER_ID_for_PM` FOREIGN KEY (`MEMBER_ID_for_PI`) REFERENCES `MEMBER` (`MEMBER_ID`)
) ENGINE=InnoDB DEFAULT CHARSET=utf8;
/*!40101 SET character_set_client = @saved_cs_client */;

--
-- Dumping data for table `POINTS_ISSUANCE`
--

LOCK TABLES `POINTS_ISSUANCE` WRITE;
/*!40000 ALTER TABLE `POINTS_ISSUANCE` DISABLE KEYS */;
INSERT INTO `POINTS_ISSUANCE` VALUES ('PI0000001','MB0000004',1000,'2019-01-05 00:00:00'),('PI0000002','MB0000004',2000,'2020-01-05 00:00:00'),('PI0000003','MB0000007',1000,'2020-08-05 00:00:00');
/*!40000 ALTER TABLE `POINTS_ISSUANCE` ENABLE KEYS */;
UNLOCK TABLES;

--
-- Table structure for table `PRODUCT`
--

DROP TABLE IF EXISTS `PRODUCT`;
/*!40101 SET @saved_cs_client     = @@character_set_client */;
/*!50503 SET character_set_client = utf8mb4 */;
CREATE TABLE `PRODUCT` (
  `PRODUCT_ID` varchar(45) NOT NULL,
  `PRODUCT_CATEGORY_ID_for_PD` varchar(45) NOT NULL,
  `SUPPLIER_ID_for_PD` varchar(45) NOT NULL,
  `PRODUCT_NAME` varchar(45) NOT NULL,
  `PRODUCT_DESCRIPTION` varchar(300) NOT NULL,
  `PRODUCT_ORIGINAL_PRICE` int NOT NULL,
  `PRODUCT_SELLING_PRICE` int NOT NULL,
  `PRODUCT_STOCK` int NOT NULL,
  `PRODUCT_UPLOAD_DATE` datetime NOT NULL,
  `PRODUCT_EXP_DATE` datetime NOT NULL,
  `PRODUCT_STATUS` int NOT NULL,
  `PRODUCT_IMG` varchar(100) NOT NULL,
  PRIMARY KEY (`PRODUCT_ID`),
  KEY `FK_CATEGORY_ID_idx` (`PRODUCT_CATEGORY_ID_for_PD`),
  KEY `FK_SUPPLIER_ID_for_PD` (`SUPPLIER_ID_for_PD`),
  CONSTRAINT `FK_CATEGORY_ID_for_PD` FOREIGN KEY (`PRODUCT_CATEGORY_ID_for_PD`) REFERENCES `PRODUCT_CATEGORY` (`PRODUCT_CATEGORY_ID`),
  CONSTRAINT `FK_SUPPLIER_ID_for_PD` FOREIGN KEY (`SUPPLIER_ID_for_PD`) REFERENCES `SUPPLIER` (`SUPPLIER_ID`)
) ENGINE=InnoDB DEFAULT CHARSET=utf8;
/*!40101 SET character_set_client = @saved_cs_client */;

--
-- Dumping data for table `PRODUCT`
--

LOCK TABLES `PRODUCT` WRITE;
/*!40000 ALTER TABLE `PRODUCT` DISABLE KEYS */;
INSERT INTO `PRODUCT` VALUES ('PD0000001','PC0006','SP0001','蛋黃奶香麵包','這是蛋黃奶香麵包',25,20,9,'2020-10-01 10:00:00','2020-10-02 10:00:00',2,'E:\\PRODUCT_IMG\\PD0000001.JPG'),('PD0000002','PC0006','SP0002','日式紅豆銅鑼燒','這是日式紅豆銅鑼燒',32,25,3,'2020-10-01 10:00:00','2020-10-02 10:00:00',1,'E:\\PRODUCT_IMG\\PD0000002.JPG'),('PD0000003','PC0001','SP0001','佛蒙特咖哩飯','這是佛蒙特咖哩飯',50,35,6,'2020-10-01 10:00:00','2020-10-02 10:00:00',1,'E:\\PRODUCT_IMG\\PD0000003.JPG'),('PD0000004','PC0001','SP0001','蔥鹽雞飯糰','蔥鹽雞飯糰',40,32,5,'2020-11-02 16:38:20','2020-12-31 16:38:20',2,''),('PD0000005','PC0001','SP0003','秋鮭鮪魚雙手卷','秋鮭鮪魚雙手卷',40,39,8,'2020-11-02 16:38:20','2020-12-31 16:38:20',2,''),('PD0000006','PC0002','SP0006','香草烤雞沙拉','香草烤雞沙拉',69,55,5,'2020-10-01 10:00:00','2020-10-02 10:00:00',1,''),('PD0000007','PC0002','SP0012','和風烤雞沙拉','和風烤雞沙拉',70,60,5,'2020-10-01 10:00:00','2020-10-02 10:00:00',2,''),('PD0000008','PC0002','SP0015','八種蔬菜溫沙拉','八種蔬菜溫沙拉',68,60,5,'2020-10-01 10:00:00','2020-10-02 10:00:00',2,''),('PD0000009','PC0006','SP0018','丹麥紅豆捲','丹麥紅豆捲',42,33,6,'2020-10-01 10:00:00','2020-10-02 10:00:00',2,''),('PD0000010','PC0003','SP0020','鱈魚肝藍鐵罐','鱈魚肝藍鐵罐',89,105,6,'2020-10-01 10:00:00','2020-10-02 10:00:00',2,''),('PD0000011','PC0003','SP0022','海底雞香辣片','海底雞鮮之味香辣片狀',179,189,6,'2020-10-01 10:00:00','2020-10-02 10:00:00',2,''),('PD0000012','PC0003','SP0024','蕃茄汁鯖魚','蕃茄汁鯖魚',89,125,6,'2020-10-01 10:00:00','2020-10-02 10:00:00',2,''),('PD0000013','PC0007','SP0016','Gery捲心酥','Gery捲心酥',140,105,6,'2020-11-02 16:38:20','2020-12-31 16:38:20',2,''),('PD0000014','PC0007','SP0017','Crown奶油鬆餅','Crown奶油鬆餅',88,77,5,'2020-11-02 16:38:20','2020-12-31 16:38:20',2,''),('PD0000015','PC0007','SP0018','貓熊夾心餅乾','貓熊夾心餅乾',44,33,7,'2020-11-02 16:38:20','2020-12-31 16:38:20',2,''),('PD0000016','PC0005','SP0023','家庭水果箱','元氣家庭水果箱',600,499,6,'2020-11-02 16:38:20','2020-12-31 16:38:20',2,''),('PD0000017','PC0005','SP0024','帝王柑-珍珠柑','帝王柑-珍珠柑',790,690,5,'2020-11-02 16:38:20','2020-12-31 16:38:20',2,''),('PD0000018','PC0005','SP0025','埔里百香果','南投埔里百香果',750,600,7,'2020-11-02 16:38:20','2020-12-31 16:38:20',2,''),('PD0000019','PC0004','SP0026','黑松沙士','黑松沙士',34,23,7,'2020-11-02 16:38:20','2020-12-31 16:38:20',2,''),('PD0000020','PC0004','SP0027','蘋果蘇打 ','蘋果蘇打 ',34,23,7,'2020-11-02 16:38:20','2020-12-31 16:38:20',2,''),('PD0000021','PC0004','SP0028','美粒果柳橙汁','美粒果柳橙汁',44,33,7,'2020-11-02 16:38:20','2020-12-31 16:38:20',2,''),('PD0000022','PC0008','SP0006','紅羽雞','紅羽雞',330,297,6,'2020-11-02 16:38:20','2020-12-31 16:38:20',2,''),('PD0000023','PC0008','SP0007','生凍小卷','生凍小卷',530,415,5,'2020-11-02 16:38:20','2020-12-31 16:38:20',2,''),('PD0000024','PC0008','SP0011','扁鱈切片','扁鱈切片',260,220,7,'2020-11-02 16:38:20','2020-12-31 16:38:20',2,'');
/*!40000 ALTER TABLE `PRODUCT` ENABLE KEYS */;
UNLOCK TABLES;

--
-- Table structure for table `PRODUCT_CATEGORY`
--

DROP TABLE IF EXISTS `PRODUCT_CATEGORY`;
/*!40101 SET @saved_cs_client     = @@character_set_client */;
/*!50503 SET character_set_client = utf8mb4 */;
CREATE TABLE `PRODUCT_CATEGORY` (
  `PRODUCT_CATEGORY_ID` varchar(45) NOT NULL,
  `PRODUCT_CATEGORY_NAME` varchar(45) NOT NULL,
  `PRODUCT_CATEGORY_DESCRIPTION` varchar(100) NOT NULL,
  PRIMARY KEY (`PRODUCT_CATEGORY_ID`)
) ENGINE=InnoDB DEFAULT CHARSET=utf8;
/*!40101 SET character_set_client = @saved_cs_client */;

--
-- Dumping data for table `PRODUCT_CATEGORY`
--

LOCK TABLES `PRODUCT_CATEGORY` WRITE;
/*!40000 ALTER TABLE `PRODUCT_CATEGORY` DISABLE KEYS */;
INSERT INTO `PRODUCT_CATEGORY` VALUES ('PC0001','主食','這是主食的描述'),('PC0002','輕食','這是輕食的描述'),('PC0003','罐頭','這是罐頭的描述'),('PC0004','飲料','這是飲料的描述'),('PC0005','水果','這是水果的描述'),('PC0006','麵包','這是麵包的描述'),('PC0007','零食','這是零食的描述'),('PC0008','冷凍食品','這是冷凍食品的描述');
/*!40000 ALTER TABLE `PRODUCT_CATEGORY` ENABLE KEYS */;
UNLOCK TABLES;

--
-- Table structure for table `SUPPLIER`
--

DROP TABLE IF EXISTS `SUPPLIER`;
/*!40101 SET @saved_cs_client     = @@character_set_client */;
/*!50503 SET character_set_client = utf8mb4 */;
CREATE TABLE `SUPPLIER` (
  `SUPPLIER_ID` varchar(45) NOT NULL,
  `SUPPLIER_ACCOUNT` varchar(45) NOT NULL,
  `SUPPLIER_PASSWORD` varchar(45) NOT NULL,
  `SUPPLIER_REG_DATE` datetime NOT NULL,
  `SUPPLIER_NAME` varchar(45) NOT NULL,
  `SUPPLIER_TAX_ID` int DEFAULT NULL,
  `SUPPLIER_DISTRICT` int DEFAULT NULL,
  `SUPPLIER_ADDRESS` varchar(200) DEFAULT NULL,
  `SUPPLIER_PHONE` varchar(20) DEFAULT NULL,
  `ORGANIZATION_ID_for_SP` varchar(45) DEFAULT NULL,
  `SUPPLIER_STATUS` int NOT NULL,
  PRIMARY KEY (`SUPPLIER_ID`),
  KEY `FK_ORGANIZATION_ID_for_SP_idx` (`ORGANIZATION_ID_for_SP`),
  CONSTRAINT `FK_ORGANIZATION_ID_for_SP` FOREIGN KEY (`ORGANIZATION_ID_for_SP`) REFERENCES `ORGANIZATION` (`ORGANIZATION_ID`)
) ENGINE=InnoDB DEFAULT CHARSET=utf8;
/*!40101 SET character_set_client = @saved_cs_client */;

--
-- Dumping data for table `SUPPLIER`
--

LOCK TABLES `SUPPLIER` WRITE;
/*!40000 ALTER TABLE `SUPPLIER` DISABLE KEYS */;
INSERT INTO `SUPPLIER` VALUES ('SP0001','FamliyMart017953@familymart.com','ItsYourHome','2015-01-01 10:00:00','全家台北京興店',16095713,104,'台北市中山區復興北路148號1樓','02-25464084','OG0000002',2),('SP0002','OKmart0189@okmart.com','WeAreDying','2015-01-01 10:00:00','OK台北豐達店',23224636,105,'台北市松山區敦化北路155巷87號之1','02-66175459','OG0000003',2),('SP0003','FamliyMart017487@familymart.com','HomeHomeHome','2020-09-01 10:00:00','全家台北力晶店',16095713,105,'台北市松山區南京東路三段258號','02-27213487','OG0000002',1),('SP0004','OKmart0189@okmart.com','weinie666','2020-12-16 15:16:16','全家明志店',16095713,106,'台北市松山區敦化北路155巷87號之1','02-27213487','OG0000002',2),('SP0005','OKmart0189@okmart.com','weinie666','2020-12-16 15:16:16','全家復興店',16095713,106,'全家就是你家','02-27213487','OG0000002',1),('SP0006','OKmart0189@okmart.com','weinie666','2020-12-16 15:16:16','OK台北政大店',16095713,103,'台北市松山區敦化北路155巷87號之1','02-27213487','OG0000003',2),('SP0007','OKmart0189@okmart.com','weinie666','2020-12-16 15:16:16','OK台大店',16095713,106,'台北市松山區敦化北路155巷87號之1','02-27213487','OG0000003',1),('SP0008','OKmart0189@okmart.com','weinie666','2020-12-16 15:16:16','萊爾富中山店',16095713,102,'台北市松山區敦化北路155巷87號之1','02-27213487','OG0000004',2),('SP0009','OKmart0189@okmart.com','weinie666','2020-12-16 15:16:16','萊爾富松山店',16095713,105,'台北市松山區敦化北路155巷87號之1','02-27213487','OG0000004',2),('SP0010','OKmart0189@okmart.com','weinie666','2020-12-16 15:16:16','萊爾富南港店',16095713,104,'台北市松山區敦化北路155巷87號之1','02-27213487','OG0000004',2),('SP0011','OKmart0189@okmart.com','weinie666','2020-12-16 15:16:16','全聯中正店',16095713,107,'台北市中山區復興北路148號1樓','02-27213487','OG0000005',1),('SP0012','OKmart0189@okmart.com','weinie666','2020-12-16 15:16:16','全聯明志店',16095713,107,'台北市中山區復興北路148號1樓','02-27213487','OG0000005',2),('SP0013','FamliyMart017487@familymart.com','weinie666','2020-12-16 15:16:16','全聯北投店',16095713,107,'台北市中山區復興北路148號1樓','02-27213487','OG0000005',2),('SP0014','FamliyMart017487@familymart.com','weinie666','2020-12-16 15:16:16','家樂福強哥店',16095713,102,'台北市中山區復興北路148號1樓','02-27213487','OG0000008',2),('SP0015','FamliyMart017487@familymart.com','weinie666','2020-12-01 15:47:59','家樂福廷翰店',16095713,105,'台北市中山區復興北路148號1樓','080076666','OG0000008',1),('SP0016','FamliyMart017487@familymart.com','4466222','2020-12-08 15:47:59','家樂福幸福店',16095713,102,'台北市中山區復興北路148號1樓','080076666','OG0000008',2),('SP0017','FamliyMart017487@familymart.com','weinie666','2020-12-01 15:54:36','頂好婷婷店',16095713,105,'台北市中山區復興北路148號1樓','02-27213487','OG0000006',2),('SP0018','FamliyMart017487@familymart.com','weinie666','2020-12-01 15:47:59','頂好廷翰店',16095713,105,'台北市中山區復興北路148號1樓','090076666','OG0000006',1),('SP0019','FamliyMart017487@familymart.com','4466222','2020-12-08 15:47:59','頂好婷婷店',16095713,102,NULL,'0970618888','OG0000006',2),('SP0020','FamliyMart017487@familymart.com','4466222','2020-11-03 15:54:36','愛買婷婷店',16095713,104,NULL,'333333322','OG0000007',2),('SP0021','FamliyMart017487@familymart.com','4466222','2020-12-01 15:54:36','愛買樂福店',16095713,103,NULL,'09888777666','OG0000007',1),('SP0022','FamliyMart017487@familymart.com','4466222','2020-12-03 15:54:36','美廉社樂福店',16095713,105,NULL,'0933226611','OG0000009',2),('SP0023','FamliyMart017487@familymart.com','4466222','2020-12-05 15:54:36','美廉社樂福店',16095713,105,NULL,'0922665544','OG0000009',2),('SP0024','FamliyMart017487@familymart.com','4466222','2020-12-15 15:54:36','美廉社樂福店',16095713,105,NULL,'0988667733','OG0000009',2),('SP0025','FamliyMart017487@familymart.com','4466222','2020-12-09 15:54:36','農會北投店',16095713,102,NULL,'0988776655','OG0000010',2),('SP0026','FamliyMart017487@familymart.com','4466222','2020-11-04 15:54:36','農會南港店',16095713,106,NULL,'0988776655','OG0000010',1),('SP0027','FamliyMart017487@familymart.com','4466222','2020-12-05 15:54:36','農會南港店',16095713,103,NULL,'0988776655','OG0000010',2),('SP0028','FamliyMart017487@familymart.com','4466222','2020-12-14 15:54:36','愛買姐夫店',16095713,103,NULL,'02090766778','OG0000007',2);
/*!40000 ALTER TABLE `SUPPLIER` ENABLE KEYS */;
UNLOCK TABLES;
/*!40103 SET TIME_ZONE=@OLD_TIME_ZONE */;

/*!40101 SET SQL_MODE=@OLD_SQL_MODE */;
/*!40014 SET FOREIGN_KEY_CHECKS=@OLD_FOREIGN_KEY_CHECKS */;
/*!40014 SET UNIQUE_CHECKS=@OLD_UNIQUE_CHECKS */;
/*!40101 SET CHARACTER_SET_CLIENT=@OLD_CHARACTER_SET_CLIENT */;
/*!40101 SET CHARACTER_SET_RESULTS=@OLD_CHARACTER_SET_RESULTS */;
/*!40101 SET COLLATION_CONNECTION=@OLD_COLLATION_CONNECTION */;
/*!40111 SET SQL_NOTES=@OLD_SQL_NOTES */;

-- Dump completed on 2020-12-23 14:52:23
